{
  "project_info": {
    "project_number": "192659960149",
    "project_id": "bookwarm-7838d",
    "storage_bucket": "bookwarm-7838d.firebasestorage.app"
  },
  "client": [
    {
      "client_info": {
        "mobilesdk_app_id": "1:192659960149:android:070c8c2464001a1b6f7fdc",
        "android_client_info": {
          "package_name": "com.example.bookwarm"
        }
      },
      "oauth_client": [
        {
          "client_id": "192659960149-iu50vcuf9fthqot82kshh7ev34u842bs.apps.googleusercontent.com",
          "client_type": 1,
          "android_info": {
            "package_name": "com.example.bookwarm",
            "certificate_hash": "df9bb88acb31f785f6160568f0413abcf6177bc0"
          }
        },
        {
          "client_id": "192659960149-i88bc7r3d0habopqvdhbsvmgoaf7dhql.apps.googleusercontent.com",
          "client_type": 3
        }
      ],
      "api_key": [
        {
          "current_key": "AIzaSyBn2BAh2JWqR1_2PUbA02hnf4a5ararrIk"
        }
      ],
      "services": {
        "appinvite_service": {
          "other_platform_oauth_client": [
            {
              "client_id": "192659960149-i88bc7r3d0habopqvdhbsvmgoaf7dhql.apps.googleusercontent.com",
              "client_type": 3
            }
          ]
        }
      }
    }
  ],
  "configuration_version": "1"
}